{"RuleTriggered": 0, "Violations": 144, "Details": {"low_gpu_utilization": 348, "bottlenecks": {"1640189715.609068": {"GPUs": 1, "CPUs": 1}, "1640189716.109097": {"GPUs": 1, "CPUs": 4}, "1640189716.609077": {"GPUs": 1, "CPUs": 4}, "1640189717.109074": {"GPUs": 1, "CPUs": 4}, "1640189717.609215": {"GPUs": 1, "CPUs": 4}, "1640189718.109047": {"GPUs": 1, "CPUs": 4}, "1640189718.609085": {"GPUs": 1, "CPUs": 1}, "1640189719.109072": {"GPUs": 1, "CPUs": 3}, "1640189719.609074": {"GPUs": 1, "CPUs": 3}, "1640189720.109054": {"GPUs": 1, "CPUs": 3}, "1640189720.609832": {"GPUs": 1, "CPUs": 3}, "1640189721.109076": {"GPUs": 1, "CPUs": 3}, "1640189721.609062": {"GPUs": 1, "CPUs": 3}, "1640189722.109149": {"GPUs": 1, "CPUs": 3}, "1640189722.60926": {"GPUs": 1, "CPUs": 4}, "1640189723.109091": {"GPUs": 1, "CPUs": 4}, "1640189723.609089": {"GPUs": 1, "CPUs": 1}, "1640189724.109071": {"GPUs": 1, "CPUs": 3}, "1640189724.610937": {"GPUs": 1, "CPUs": 3}, "1640189725.110115": {"GPUs": 1, "CPUs": 3}, "1640189725.609128": {"GPUs": 1, "CPUs": 2}, "1640189726.609545": {"GPUs": 1, "CPUs": 1}, "1640189727.109081": {"GPUs": 1, "CPUs": 2}, "1640189727.609073": {"GPUs": 1, "CPUs": 2}, "1640189728.110228": {"GPUs": 1, "CPUs": 3}, "1640189728.609348": {"GPUs": 1, "CPUs": 3}, "1640189729.10908": {"GPUs": 1, "CPUs": 1}, "1640189729.610411": {"GPUs": 1, "CPUs": 3}, "1640189730.109101": {"GPUs": 1, "CPUs": 3}, "1640189730.609059": {"GPUs": 1, "CPUs": 3}, "1640189731.109104": {"GPUs": 1, "CPUs": 3}, "1640189731.609058": {"GPUs": 1, "CPUs": 3}, "1640189740.10959": {"GPUs": 1, "CPUs": 1}, "1640189740.609065": {"GPUs": 1, "CPUs": 1}, "1640189741.109043": {"GPUs": 1, "CPUs": 1}, "1640189741.60907": {"GPUs": 1, "CPUs": 1}, "1640189742.10987": {"GPUs": 1, "CPUs": 1}, "1640189742.609076": {"GPUs": 1, "CPUs": 1}, "1640189748.609066": {"GPUs": 1, "CPUs": 1}, "1640189751.609072": {"GPUs": 1, "CPUs": 1}, "1640189752.109072": {"GPUs": 1, "CPUs": 1}, "1640189752.609053": {"GPUs": 1, "CPUs": 2}, "1640189753.10907": {"GPUs": 1, "CPUs": 2}, "1640189753.609825": {"GPUs": 1, "CPUs": 2}, "1640189754.10909": {"GPUs": 1, "CPUs": 1}, "1640189754.609049": {"GPUs": 1, "CPUs": 1}, "1640189759.109074": {"GPUs": 1, "CPUs": 2}, "1640189759.609062": {"GPUs": 1, "CPUs": 1}, "1640189760.609817": {"GPUs": 1, "CPUs": 1}, "1640189761.109059": {"GPUs": 1, "CPUs": 2}, "1640189761.610429": {"GPUs": 1, "CPUs": 3}, "1640189762.109053": {"GPUs": 1, "CPUs": 4}, "1640189763.109051": {"GPUs": 1, "CPUs": 3}, "1640189763.609759": {"GPUs": 1, "CPUs": 1}, "1640189764.109054": {"GPUs": 1, "CPUs": 1}, "1640189764.609043": {"GPUs": 1, "CPUs": 4}, "1640189765.110648": {"GPUs": 1, "CPUs": 4}, "1640189765.609131": {"GPUs": 1, "CPUs": 2}, "1640189766.609061": {"GPUs": 1, "CPUs": 1}, "1640189768.109084": {"GPUs": 1, "CPUs": 1}, "1640189769.109066": {"GPUs": 1, "CPUs": 1}, "1640189769.60907": {"GPUs": 1, "CPUs": 1}, "1640189770.109102": {"GPUs": 1, "CPUs": 1}, "1640189770.60906": {"GPUs": 1, "CPUs": 1}, "1640189771.109737": {"GPUs": 1, "CPUs": 1}, "1640189773.109078": {"GPUs": 1, "CPUs": 1}, "1640189774.609041": {"GPUs": 1, "CPUs": 1}, "1640189775.110576": {"GPUs": 1, "CPUs": 1}, "1640189776.109085": {"GPUs": 1, "CPUs": 1}, "1640189776.60906": {"GPUs": 1, "CPUs": 1}, "1640189777.109051": {"GPUs": 1, "CPUs": 1}, "1640189790.613365": {"GPUs": 1, "CPUs": 1}, "1640189791.109073": {"GPUs": 1, "CPUs": 2}, "1640189791.609057": {"GPUs": 1, "CPUs": 1}, "1640189792.10907": {"GPUs": 1, "CPUs": 1}, "1640189794.109094": {"GPUs": 1, "CPUs": 1}, "1640189794.609062": {"GPUs": 1, "CPUs": 1}, "1640189795.109055": {"GPUs": 1, "CPUs": 2}, "1640189796.10907": {"GPUs": 1, "CPUs": 1}, "1640189796.609047": {"GPUs": 1, "CPUs": 2}, "1640189797.10906": {"GPUs": 1, "CPUs": 1}, "1640189797.609059": {"GPUs": 1, "CPUs": 2}, "1640189798.113934": {"GPUs": 1, "CPUs": 1}, "1640189798.609066": {"GPUs": 1, "CPUs": 1}, "1640189799.109066": {"GPUs": 1, "CPUs": 1}, "1640189803.609461": {"GPUs": 1, "CPUs": 1}, "1640189810.609067": {"GPUs": 1, "CPUs": 1}, "1640189811.109057": {"GPUs": 1, "CPUs": 1}, "1640189814.609074": {"GPUs": 1, "CPUs": 1}, "1640189815.109077": {"GPUs": 1, "CPUs": 1}, "1640189815.609061": {"GPUs": 1, "CPUs": 1}, "1640189816.109065": {"GPUs": 1, "CPUs": 1}, "1640189817.609067": {"GPUs": 1, "CPUs": 3}, "1640189818.109065": {"GPUs": 1, "CPUs": 2}, "1640189818.609083": {"GPUs": 1, "CPUs": 2}, "1640189819.109074": {"GPUs": 1, "CPUs": 1}, "1640189819.609052": {"GPUs": 1, "CPUs": 1}, "1640189828.109061": {"GPUs": 1, "CPUs": 1}, "1640189833.109062": {"GPUs": 1, "CPUs": 1}, "1640189833.609087": {"GPUs": 1, "CPUs": 1}, "1640189834.10909": {"GPUs": 1, "CPUs": 1}, "1640189834.609108": {"GPUs": 1, "CPUs": 2}, "1640189835.109047": {"GPUs": 1, "CPUs": 2}, "1640189835.609061": {"GPUs": 1, "CPUs": 2}, "1640189836.109081": {"GPUs": 1, "CPUs": 2}, "1640189836.609074": {"GPUs": 1, "CPUs": 2}, "1640189837.109071": {"GPUs": 1, "CPUs": 2}, "1640189837.609058": {"GPUs": 1, "CPUs": 2}, "1640189838.109078": {"GPUs": 1, "CPUs": 2}, "1640189838.609077": {"GPUs": 1, "CPUs": 2}, "1640189839.109059": {"GPUs": 1, "CPUs": 1}, "1640189839.609075": {"GPUs": 1, "CPUs": 1}, "1640189840.109063": {"GPUs": 1, "CPUs": 1}, "1640189855.609066": {"GPUs": 1, "CPUs": 1}, "1640189858.109067": {"GPUs": 1, "CPUs": 1}, "1640189862.109056": {"GPUs": 1, "CPUs": 1}, "1640189864.609039": {"GPUs": 1, "CPUs": 1}, "1640189866.609077": {"GPUs": 1, "CPUs": 1}, "1640189867.609074": {"GPUs": 1, "CPUs": 1}, "1640189871.109092": {"GPUs": 1, "CPUs": 1}, "1640189872.109082": {"GPUs": 1, "CPUs": 1}, "1640189876.609069": {"GPUs": 1, "CPUs": 1}, "1640189886.10907": {"GPUs": 1, "CPUs": 1}, "1640189890.609079": {"GPUs": 1, "CPUs": 1}, "1640189895.10907": {"GPUs": 1, "CPUs": 1}, "1640189898.109067": {"GPUs": 1, "CPUs": 1}, "1640189899.1091": {"GPUs": 1, "CPUs": 1}, "1640189901.109071": {"GPUs": 1, "CPUs": 1}, "1640189904.10967": {"GPUs": 1, "CPUs": 1}, "1640189905.609096": {"GPUs": 1, "CPUs": 1}, "1640189912.609087": {"GPUs": 1, "CPUs": 1}, "1640189914.609088": {"GPUs": 1, "CPUs": 1}, "1640189915.109063": {"GPUs": 1, "CPUs": 1}, "1640189917.60906": {"GPUs": 1, "CPUs": 1}, "1640189920.609081": {"GPUs": 1, "CPUs": 1}, "1640189922.609092": {"GPUs": 1, "CPUs": 1}, "1640189924.609156": {"GPUs": 1, "CPUs": 1}, "1640189927.10909": {"GPUs": 1, "CPUs": 1}, "1640189930.609051": {"GPUs": 1, "CPUs": 1}, "1640189931.10906": {"GPUs": 1, "CPUs": 1}, "1640189935.109123": {"GPUs": 1, "CPUs": 1}, "1640189936.109062": {"GPUs": 1, "CPUs": 1}, "1640189937.609017": {"GPUs": 1, "CPUs": 1}, "1640189938.109059": {"GPUs": 1, "CPUs": 1}}}, "Datapoints": 465, "RuleParameters": "threshold:50\ncpu_threshold:90\ngpu_threshold:10\npatience:1000"}