{"RuleTriggered": 0, "Violations": 72, "Details": {"low_gpu_utilization": 348, "bottlenecks": {"1640189720.109054": {"GPUs": 1, "CPUs": 3}, "1640189720.609832": {"GPUs": 1, "CPUs": 3}, "1640189721.109076": {"GPUs": 1, "CPUs": 3}, "1640189721.609062": {"GPUs": 1, "CPUs": 3}, "1640189729.10908": {"GPUs": 1, "CPUs": 1}, "1640189729.610411": {"GPUs": 1, "CPUs": 2}, "1640189730.109101": {"GPUs": 1, "CPUs": 2}, "1640189731.109104": {"GPUs": 1, "CPUs": 2}, "1640189731.609058": {"GPUs": 1, "CPUs": 2}, "1640189741.60907": {"GPUs": 1, "CPUs": 1}, "1640189751.10906": {"GPUs": 1, "CPUs": 1}, "1640189751.609072": {"GPUs": 1, "CPUs": 2}, "1640189752.109072": {"GPUs": 1, "CPUs": 2}, "1640189752.609053": {"GPUs": 1, "CPUs": 2}, "1640189753.10907": {"GPUs": 1, "CPUs": 2}, "1640189753.609825": {"GPUs": 1, "CPUs": 2}, "1640189754.10909": {"GPUs": 1, "CPUs": 1}, "1640189754.609049": {"GPUs": 1, "CPUs": 2}, "1640189757.60982": {"GPUs": 1, "CPUs": 1}, "1640189766.609061": {"GPUs": 1, "CPUs": 2}, "1640189768.109084": {"GPUs": 1, "CPUs": 3}, "1640189774.609041": {"GPUs": 1, "CPUs": 1}, "1640189776.109085": {"GPUs": 1, "CPUs": 2}, "1640189776.60906": {"GPUs": 1, "CPUs": 2}, "1640189777.109051": {"GPUs": 1, "CPUs": 2}, "1640189791.109073": {"GPUs": 1, "CPUs": 2}, "1640189791.609057": {"GPUs": 1, "CPUs": 1}, "1640189792.10907": {"GPUs": 1, "CPUs": 1}, "1640189793.609077": {"GPUs": 1, "CPUs": 1}, "1640189794.109094": {"GPUs": 1, "CPUs": 1}, "1640189794.609062": {"GPUs": 1, "CPUs": 1}, "1640189795.109055": {"GPUs": 1, "CPUs": 2}, "1640189795.609079": {"GPUs": 1, "CPUs": 2}, "1640189796.10907": {"GPUs": 1, "CPUs": 3}, "1640189796.609047": {"GPUs": 1, "CPUs": 2}, "1640189797.10906": {"GPUs": 1, "CPUs": 2}, "1640189797.609059": {"GPUs": 1, "CPUs": 2}, "1640189798.113934": {"GPUs": 1, "CPUs": 2}, "1640189798.609066": {"GPUs": 1, "CPUs": 1}, "1640189799.109066": {"GPUs": 1, "CPUs": 1}, "1640189811.109057": {"GPUs": 1, "CPUs": 1}, "1640189812.609054": {"GPUs": 1, "CPUs": 1}, "1640189814.109066": {"GPUs": 1, "CPUs": 1}, "1640189814.609074": {"GPUs": 1, "CPUs": 2}, "1640189815.109077": {"GPUs": 1, "CPUs": 2}, "1640189815.609061": {"GPUs": 1, "CPUs": 1}, "1640189816.109065": {"GPUs": 1, "CPUs": 1}, "1640189816.609065": {"GPUs": 1, "CPUs": 1}, "1640189817.109065": {"GPUs": 1, "CPUs": 2}, "1640189817.609067": {"GPUs": 1, "CPUs": 3}, "1640189818.109065": {"GPUs": 1, "CPUs": 2}, "1640189818.609083": {"GPUs": 1, "CPUs": 2}, "1640189819.109074": {"GPUs": 1, "CPUs": 2}, "1640189819.609052": {"GPUs": 1, "CPUs": 2}, "1640189820.109071": {"GPUs": 1, "CPUs": 2}, "1640189832.609079": {"GPUs": 1, "CPUs": 1}, "1640189833.109062": {"GPUs": 1, "CPUs": 1}, "1640189833.609087": {"GPUs": 1, "CPUs": 2}, "1640189834.10909": {"GPUs": 1, "CPUs": 1}, "1640189834.609108": {"GPUs": 1, "CPUs": 2}, "1640189835.109047": {"GPUs": 1, "CPUs": 2}, "1640189835.609061": {"GPUs": 1, "CPUs": 3}, "1640189836.109081": {"GPUs": 1, "CPUs": 2}, "1640189836.609074": {"GPUs": 1, "CPUs": 2}, "1640189837.109071": {"GPUs": 1, "CPUs": 2}, "1640189837.609058": {"GPUs": 1, "CPUs": 3}, "1640189838.109078": {"GPUs": 1, "CPUs": 2}, "1640189838.609077": {"GPUs": 1, "CPUs": 2}, "1640189839.109059": {"GPUs": 1, "CPUs": 2}, "1640189839.609075": {"GPUs": 1, "CPUs": 2}, "1640189840.109063": {"GPUs": 1, "CPUs": 2}, "1640189862.109056": {"GPUs": 1, "CPUs": 1}}}, "Datapoints": 465, "RuleParameters": "threshold:50\nio_threshold:50\ngpu_threshold:10\npatience:1000"}